url,url,url,url,url,url,url,url,url,url,url,url,url,url,url,url,url,url,url,url,url,url
images/0_0_O.png,images/0_5_1.png,images/0_10_Q.png,images/0_15_Q.png,images/0_20_V.png,images/0_25_3.png,images/0_30_Z.png,images/0_35_T.png,images/0_40_I.png,images/0_45_L.png,images/0_50_P.png,images/1_0_N.png,images/1_5_W.png,images/1_10_L.png,images/1_15_G.png,images/1_20_K.png,images/1_25_Q.png,images/1_30_3.png,images/1_35_O.png,images/1_40_D.png,images/1_45_R.png,images/1_50_X.png
images/3_0_S.png,images/3_5_G.png,images/3_10_H.png,images/3_15_8.png,images/3_20_Q.png,images/3_25_A.png,images/3_30_L.png,images/3_35_2.png,images/3_40_M.png,images/3_45_Y.png,images/3_50_Z.png,images/4_0_4.png,images/4_5_X.png,images/4_10_Q.png,images/4_15_7.png,images/4_20_M.png,images/4_25_Z.png,images/4_30_C.png,images/4_35_Q.png,images/4_40_V.png,images/4_45_G.png,images/4_50_S.png
images/5_0_Q.png,images/5_5_X.png,images/5_10_X.png,images/5_15_R.png,images/5_20_O.png,images/5_25_1.png,images/5_30_9.png,images/5_35_0.png,images/5_40_6.png,images/5_45_4.png,images/5_50_I.png,images/6_0_8.png,images/6_5_R.png,images/6_10_4.png,images/6_15_A.png,images/6_20_P.png,images/6_25_M.png,images/6_30_J.png,images/6_35_Q.png,images/6_40_X.png,images/6_45_C.png,images/6_50_L.png
images/7_0_X.png,images/7_5_R.png,images/7_10_M.png,images/7_15_Q.png,images/7_20_B.png,images/7_25_Z.png,images/7_30_J.png,images/7_35_6.png,images/7_40_9.png,images/7_45_W.png,images/7_50_Y.png,images/8_0_8.png,images/8_5_Z.png,images/8_10_B.png,images/8_15_Y.png,images/8_20_G.png,images/8_25_H.png,images/8_30_E.png,images/8_35_Q.png,images/8_40_D.png,images/8_45_2.png,images/8_50_L.png
images/9_0_6.png,images/9_5_2.png,images/9_10_1.png,images/9_15_D.png,images/9_20_5.png,images/9_25_C.png,images/9_30_R.png,images/9_35_Z.png,images/9_40_G.png,images/9_45_U.png,images/9_50_V.png,images/10_0_E.png,images/10_5_0.png,images/10_10_U.png,images/10_15_F.png,images/10_20_R.png,images/10_25_A.png,images/10_30_E.png,images/10_35_E.png,images/10_40_V.png,images/10_45_N.png,images/10_50_4.png
images/11_0_U.png,images/11_5_5.png,images/11_10_J.png,images/11_15_8.png,images/11_20_O.png,images/11_25_C.png,images/11_30_J.png,images/11_35_U.png,images/11_40_3.png,images/11_45_X.png,images/11_50_L.png,images/12_0_9.png,images/12_5_K.png,images/12_10_S.png,images/12_15_J.png,images/12_20_F.png,images/12_25_0.png,images/12_30_G.png,images/12_35_H.png,images/12_40_1.png,images/12_45_S.png,images/12_50_W.png
images/13_0_A.png,images/13_5_S.png,images/13_10_6.png,images/13_15_Q.png,images/13_20_8.png,images/13_25_2.png,images/13_30_K.png,images/13_35_1.png,images/13_40_L.png,images/13_45_Y.png,images/13_50_O.png,images/14_0_5.png,images/14_5_6.png,images/14_10_8.png,images/14_15_E.png,images/14_20_W.png,images/14_25_X.png,images/14_30_V.png,images/14_35_G.png,images/14_40_I.png,images/14_45_D.png,images/14_50_H.png
images/15_0_F.png,images/15_5_X.png,images/15_10_C.png,images/15_15_D.png,images/15_20_0.png,images/15_25_D.png,images/15_30_7.png,images/15_35_3.png,images/15_40_D.png,images/15_45_8.png,images/15_50_6.png,images/16_0_8.png,images/16_5_M.png,images/16_10_A.png,images/16_15_D.png,images/16_20_2.png,images/16_25_F.png,images/16_30_W.png,images/16_35_H.png,images/16_40_U.png,images/16_45_R.png,images/16_50_7.png
images/17_0_T.png,images/17_5_L.png,images/17_10_N.png,images/17_15_V.png,images/17_20_K.png,images/17_25_T.png,images/17_30_O.png,images/17_35_F.png,images/17_40_F.png,images/17_45_H.png,images/17_50_B.png,images/18_0_Q.png,images/18_5_D.png,images/18_10_8.png,images/18_15_U.png,images/18_20_N.png,images/18_25_4.png,images/18_30_Z.png,images/18_35_I.png,images/18_40_7.png,images/18_45_R.png,images/18_50_6.png
images/19_0_E.png,images/19_5_I.png,images/19_10_2.png,images/19_15_4.png,images/19_20_7.png,images/19_25_L.png,images/19_30_0.png,images/19_35_7.png,images/19_40_2.png,images/19_45_B.png,images/19_50_X.png,images/20_0_Z.png,images/20_5_A.png,images/20_10_E.png,images/20_15_N.png,images/20_20_2.png,images/20_25_S.png,images/20_30_3.png,images/20_35_X.png,images/20_40_R.png,images/20_45_4.png,images/20_50_V.png
images/21_0_X.png,images/21_5_E.png,images/21_10_2.png,images/21_15_S.png,images/21_20_5.png,images/21_25_V.png,images/21_30_M.png,images/21_35_E.png,images/21_40_W.png,images/21_45_Y.png,images/21_50_D.png,images/22_0_N.png,images/22_5_7.png,images/22_10_N.png,images/22_15_C.png,images/22_20_F.png,images/22_25_G.png,images/22_30_U.png,images/22_35_H.png,images/22_40_I.png,images/22_45_4.png,images/22_50_H.png
images/23_0_3.png,images/23_5_M.png,images/23_10_6.png,images/23_15_Q.png,images/23_20_P.png,images/23_25_U.png,images/23_30_2.png,images/23_35_J.png,images/23_40_2.png,images/23_45_7.png,images/23_50_3.png,images/24_0_M.png,images/24_5_N.png,images/24_10_W.png,images/24_15_N.png,images/24_20_B.png,images/24_25_Q.png,images/24_30_N.png,images/24_35_H.png,images/24_40_L.png,images/24_45_7.png,images/24_50_J.png
images/25_0_T.png,images/25_5_N.png,images/25_10_Q.png,images/25_15_K.png,images/25_20_G.png,images/25_25_9.png,images/25_30_L.png,images/25_35_M.png,images/25_40_B.png,images/25_45_P.png,images/25_50_X.png,images/26_0_K.png,images/26_5_H.png,images/26_10_7.png,images/26_15_A.png,images/26_20_E.png,images/26_25_0.png,images/26_30_A.png,images/26_35_F.png,images/26_40_F.png,images/26_45_Y.png,images/26_50_T.png
images/27_0_9.png,images/27_5_7.png,images/27_10_8.png,images/27_15_3.png,images/27_20_U.png,images/27_25_9.png,images/27_30_9.png,images/27_35_A.png,images/27_40_6.png,images/27_45_K.png,images/27_50_G.png,images/28_0_I.png,images/28_5_V.png,images/28_10_8.png,images/28_15_W.png,images/28_20_5.png,images/28_25_Q.png,images/28_30_G.png,images/28_35_9.png,images/28_40_S.png,images/28_45_O.png,images/28_50_O.png
images/29_0_F.png,images/29_5_X.png,images/29_10_6.png,images/29_15_M.png,images/29_20_Y.png,images/29_25_Y.png,images/29_30_0.png,images/29_35_8.png,images/29_40_R.png,images/29_45_S.png,images/29_50_M.png,images/30_0_F.png,images/30_5_O.png,images/30_10_N.png,images/30_15_U.png,images/30_20_Y.png,images/30_25_T.png,images/30_30_M.png,images/30_35_Z.png,images/30_40_R.png,images/30_45_P.png,images/30_50_M.png
images/31_0_G.png,images/31_5_W.png,images/31_10_W.png,images/31_15_5.png,images/31_20_I.png,images/31_25_J.png,images/31_30_3.png,images/31_35_J.png,images/31_40_J.png,images/31_45_X.png,images/31_50_N.png,images/32_0_5.png,images/32_5_W.png,images/32_10_W.png,images/32_15_8.png,images/32_20_P.png,images/32_25_Z.png,images/32_30_4.png,images/32_35_I.png,images/32_40_3.png,images/32_45_R.png,images/32_50_S.png
images/33_0_B.png,images/33_5_K.png,images/33_10_R.png,images/33_15_K.png,images/33_20_4.png,images/33_25_2.png,images/33_30_1.png,images/33_35_2.png,images/33_40_0.png,images/33_45_0.png,images/33_50_3.png,images/34_0_B.png,images/34_5_K.png,images/34_10_9.png,images/34_15_N.png,images/34_20_U.png,images/34_25_T.png,images/34_30_J.png,images/34_35_D.png,images/34_40_T.png,images/34_45_P.png,images/34_50_V.png
images/35_0_3.png,images/35_5_7.png,images/35_10_N.png,images/35_15_S.png,images/35_20_J.png,images/35_25_T.png,images/35_30_E.png,images/35_35_0.png,images/35_40_X.png,images/35_45_R.png,images/35_50_3.png,images/36_0_G.png,images/36_5_3.png,images/36_10_A.png,images/36_15_M.png,images/36_20_V.png,images/36_25_F.png,images/36_30_R.png,images/36_35_H.png,images/36_40_4.png,images/36_45_U.png,images/36_50_9.png
images/37_0_S.png,images/37_5_D.png,images/37_10_E.png,images/37_15_T.png,images/37_20_2.png,images/37_25_0.png,images/37_30_1.png,images/37_35_M.png,images/37_40_N.png,images/37_45_1.png,images/37_50_T.png,images/38_0_6.png,images/38_5_N.png,images/38_10_Q.png,images/38_15_O.png,images/38_20_R.png,images/38_25_E.png,images/38_30_J.png,images/38_35_R.png,images/38_40_3.png,images/38_45_F.png,images/38_50_A.png
images/39_0_6.png,images/39_5_W.png,images/39_10_2.png,images/39_15_U.png,images/39_20_7.png,images/39_25_P.png,images/39_30_W.png,images/39_35_N.png,images/39_40_Q.png,images/39_45_F.png,images/39_50_7.png,images/40_0_P.png,images/40_5_D.png,images/40_10_N.png,images/40_15_Q.png,images/40_20_C.png,images/40_25_Y.png,images/40_30_D.png,images/40_35_N.png,images/40_40_O.png,images/40_45_D.png,images/40_50_8.png
images/41_0_K.png,images/41_5_E.png,images/41_10_0.png,images/41_15_C.png,images/41_20_Z.png,images/41_25_N.png,images/41_30_S.png,images/41_35_J.png,images/41_40_1.png,images/41_45_H.png,images/41_50_X.png,images/42_0_Q.png,images/42_5_O.png,images/42_10_S.png,images/42_15_A.png,images/42_20_R.png,images/42_25_6.png,images/42_30_M.png,images/42_35_M.png,images/42_40_J.png,images/42_45_L.png,images/42_50_E.png
images/43_0_E.png,images/43_5_9.png,images/43_10_U.png,images/43_15_R.png,images/43_20_B.png,images/43_25_P.png,images/43_30_3.png,images/43_35_N.png,images/43_40_M.png,images/43_45_N.png,images/43_50_5.png,images/44_0_J.png,images/44_5_F.png,images/44_10_U.png,images/44_15_N.png,images/44_20_L.png,images/44_25_Z.png,images/44_30_7.png,images/44_35_I.png,images/44_40_B.png,images/44_45_C.png,images/44_50_7.png
images/45_0_3.png,images/45_5_W.png,images/45_10_Z.png,images/45_15_T.png,images/45_20_Z.png,images/45_25_0.png,images/45_30_O.png,images/45_35_O.png,images/45_40_L.png,images/45_45_U.png,images/45_50_5.png,images/46_0_O.png,images/46_5_K.png,images/46_10_O.png,images/46_15_O.png,images/46_20_R.png,images/46_25_G.png,images/46_30_B.png,images/46_35_H.png,images/46_40_2.png,images/46_45_Q.png,images/46_50_U.png
images/47_0_U.png,images/47_5_1.png,images/47_10_I.png,images/47_15_Q.png,images/47_20_2.png,images/47_25_S.png,images/47_30_8.png,images/47_35_4.png,images/47_40_N.png,images/47_45_L.png,images/47_50_0.png,images/48_0_3.png,images/48_5_Q.png,images/48_10_W.png,images/48_15_Q.png,images/48_20_6.png,images/48_25_Y.png,images/48_30_R.png,images/48_35_E.png,images/48_40_O.png,images/48_45_H.png,images/48_50_X.png
